STATION_ID,STATION_Name,STATION_PRO,STATION_TYPE,STATION_LNG,STATION_LAT,DATA_FROM_SOURCE
S0026330010110,磐安收费站,zhejiang,MAIN_LINE_PLAZA,120.425147,28.974368,0
S0027330010030,方岩收费站,zhejiang,RAMP_PLAZA,120.166433,28.945695,0
G0060330010020,嘉善收费站,zhejiang,RAMP_PLAZA,120.951766,30.795663,0
G0060330020010,萧山东收费站,zhejiang,RAMP_PLAZA,120.343627,30.175846,0
G0060330020220,窑上收费站,zhejiang,PROVINCE_STATION_COMMON,118.353673,28.814488,0
G0025330040150,梅岙收费站,zhejiang,RAMP_PLAZA,120.573405,28.111685,0
G0015330100030,白水洋收费站,zhejiang,RAMP_PLAZA,120.910422,28.878432,0
G0025330020050,灵桥收费站,zhejiang,RAMP_PLAZA,120.033118,30.017092,0
G0015330110050,塘下收费站,zhejiang,RAMP_PLAZA,120.668547,27.849544,0
G0025330010100,父子岭收费站,zhejiang,PROVINCE_STATION_INDEPENDENT,119.917247,31.161147,0
G0092330010070,绍兴收费站,zhejiang,RAMP_PLAZA,120.612709,30.107445,0
G0025330030040,云和收费站,zhejiang,RAMP_PLAZA,119.592685,28.100389,0
G060N330020030,新桥收费站,zhejiang,RAMP_PLAZA,118.734128,29.169038,0
S0026330010040,街亭收费站,zhejiang,MAIN_LINE_PLAZA,120.278188,29.626943,0
G0025330040170,娄桥收费站,zhejiang,RAMP_PLAZA,120.595057,27.965931,0
G0025330030070,龙泉东收费站,zhejiang,RAMP_PLAZA,119.191603,28.043442,0
S0014330020050,径山收费站,zhejiang,MAIN_LINE_PLAZA,119.89336,30.391008,0
S0020330010050,穿山港区收费站,zhejiang,MAIN_LINE_PLAZA,122.029051,29.866056,0
S0045330010030,苏溪收费站,zhejiang,RAMP_PLAZA,120.161023,29.388446,0
G2501330010040,留下收费站,zhejiang,RAMP_PLAZA,120.044216,30.242141,0
G0092330010180,鄞州收费站,zhejiang,RAMP_PLAZA,121.565624,29.840981,0
G0060330010070,屠甸收费站,zhejiang,RAMP_PLAZA,120.637897,30.576968,0
G0015330110020,蒲岐收费站,zhejiang,RAMP_PLAZA,121.050797,28.167937,0
G0060330020140,金华西收费站,zhejiang,RAMP_PLAZA,119.374433,29.095026,0
G0056330010040,龙岗收费站,zhejiang,RAMP_PLAZA,119.141576,30.165563,0
G015W330050010,东关收费站,zhejiang,RAMP_PLAZA,120.807346,30.007853,0
G015W330050080,新昌收费站,zhejiang,RAMP_PLAZA,120.851009,29.52299,0
S0024330010070,枫桥北收费站,zhejiang,RAMP_PLAZA,120.449347,29.811795,0
S0014330010020,煤山南收费站,zhejiang,RAMP_PLAZA,119.661004,31.056204,0
G0015330060010,奉化收费站,zhejiang,RAMP_PLAZA,121.453987,29.666364,0
G2501330010010,转塘收费站,zhejiang,RAMP_PLAZA,120.086144,30.148124,0
G2501330010120,下沙东收费站,zhejiang,RAMP_PLAZA,120.383641,30.323513,0
G0025330030060,龙泉安仁收费站,zhejiang,RAMP_PLAZA,119.352972,28.066043,0
S0024330010030,富盛收费站,zhejiang,RAMP_PLAZA,120.713246,29.96883,0
G0015330080020,台州收费站,zhejiang,MAIN_LINE_PLAZA,121.245593,28.671899,0
G0056330010030,颊口收费站,zhejiang,RAMP_PLAZA,119.034065,30.126269,0
G9211330010010,舟山收费站,zhejiang,MAIN_LINE_PLAZA,122.003336,30.048409,0
S0014330020020,安吉收费站,zhejiang,MAIN_LINE_PLAZA,119.730028,30.61912,0
S0027330010010,千祥收费站,zhejiang,RAMP_PLAZA,120.303237,29.043874,0
G015W330020040,硖石收费站,zhejiang,MAIN_LINE_PLAZA,120.761158,30.487116,0
G0060330010120,桐乡收费站,zhejiang,RAMP_PLAZA,120.544753,30.527599,0
G0060330020160,龙游收费站,zhejiang,RAMP_PLAZA,119.18177,29.076881,0
G0025330010040,德清收费站,zhejiang,RAMP_PLAZA,120.020078,30.542795,0
G015W330050090,双彩收费站,zhejiang,RAMP_PLAZA,120.874968,29.317596,0
G0025330040050,缙云收费站,zhejiang,RAMP_PLAZA,120.061298,28.734767,0
G0025330020030,袁富收费站,zhejiang,RAMP_PLAZA,120.10982,30.111667,0
G0025330020090,深澳收费站,zhejiang,RAMP_PLAZA,119.833245,29.855227,0
G2501330010090,乔司东收费站,zhejiang,RAMP_PLAZA,120.285498,30.340483,0
G0056330010080,於潜收费站,zhejiang,RAMP_PLAZA,119.398269,30.175521,0
G0015330020020,西塘收费站,zhejiang,RAMP_PLAZA,120.905314,30.918501,0
S0012330020010,南浔南收费站,zhejiang,RAMP_PLAZA,120.405047,30.739099,0
G0015330040030,观海卫收费站,zhejiang,MAIN_LINE_PLAZA,121.441167,30.185498,0
S0026330010080,湖溪郭宅收费站,zhejiang,MAIN_LINE_PLAZA,120.384918,29.203501,0
G0092330010030,机场收费站,zhejiang,RAMP_PLAZA,120.390438,30.215822,0
S0013330010010,练市收费站,zhejiang,RAMP_PLAZA,120.418781,30.690314,0
G1501330020040,保国寺收费站,zhejiang,RAMP_PLAZA,121.51863,29.967782,0
G1501330010020,沙河收费站,zhejiang,RAMP_PLAZA,121.606507,29.99469,0
G060N330020020,太真收费站,zhejiang,RAMP_PLAZA,118.837371,29.18012,0
S0026330020010,温州北收费站,zhejiang,MAIN_LINE_PLAZA,120.712365,28.072805,0
G015W330050020,东关收费站,zhejiang,RAMP_PLAZA,120.807346,30.007853,0
S0012330010090,乌镇收费站,zhejiang,RAMP_PLAZA,120.506435,30.712524,0
G2501330010140,义桥收费站,zhejiang,RAMP_PLAZA,120.191538,30.093649,0
G0025330010060,湖州鹿山收费站,zhejiang,RAMP_PLAZA,120.066115,30.8169,1
G015W330020060,尖山收费站,zhejiang,MAIN_LINE_PLAZA,120.783966,30.307962,0
S0020330010030,柴桥收费站,zhejiang,MAIN_LINE_PLAZA,121.928385,29.867138,0
G0060330010110,桐乡收费站,zhejiang,RAMP_PLAZA,120.544753,30.527599,0
G0060330020210,常山收费站,zhejiang,RAMP_PLAZA,118.507268,28.921996,0
G0015330110090,萧江收费站,zhejiang,RAMP_PLAZA,120.459551,27.568406,0
G015W330010050,秀州嘉兴西收费站,zhejiang,RAMP_PLAZA,120.683499,30.753279,0
G0015330080010,临海南收费站,zhejiang,MAIN_LINE_PLAZA,121.242211,28.782182,0
G0050330010040,湖州收费站,zhejiang,RAMP_PLAZA,120.162668,30.911346,0
G0015330100020,临海西收费站,zhejiang,RAMP_PLAZA,121.052442,28.872983,0
G1512330020010,沙溪收费站,zhejiang,RAMP_PLAZA,121.140142,29.540273,0
G0015330100010,临海南收费站,zhejiang,RAMP_PLAZA,121.242211,28.782182,0
G015W330010040,秀州嘉兴西收费站,zhejiang,RAMP_PLAZA,120.683499,30.753279,0
G0025330030110,新路湾收费站,zhejiang,RAMP_PLAZA,119.273247,28.691937,0
G0025330050030,查田收费站,zhejiang,RAMP_PLAZA,118.990532,27.883981,0
G0003330010050,江山收费站,zhejiang,RAMP_PLAZA,118.675355,28.755671,0
G0003330010080,芳村收费站,zhejiang,RAMP_PLAZA,118.591589,29.035063,0
G0092330010050,瓜沥收费站,zhejiang,RAMP_PLAZA,120.450967,30.193608,0
S0024330020030,安华收费站,zhejiang,RAMP_PLAZA,120.136335,29.577512,0
G015W330020030,百步收费站,zhejiang,MAIN_LINE_PLAZA,120.758401,30.55589,0
S0020330010020,霞浦收费站,zhejiang,MAIN_LINE_PLAZA,121.878744,29.873087,0
G0092330010100,牟山收费站,zhejiang,RAMP_PLAZA,120.983551,30.064892,0
G0025330030010,丽水收费站,zhejiang,RAMP_PLAZA,119.904552,28.393989,0
S0009330030010,六工段收费站,zhejiang,RAMP_PLAZA,120.530715,30.355371,0
S0027330010040,永康东收费站,zhejiang,RAMP_PLAZA,120.116667,28.884598,0
G0060330010050,王店收费站,zhejiang,RAMP_PLAZA,120.709809,30.642961,0
G0015330120020,七都收费站,zhejiang,MAIN_LINE_PLAZA,120.502094,30.968137,0
G060N330020080,银岭关收费站,zhejiang,PROVINCE_STATION_INDEPENDENT,118.073886,29.093331,0
G0025330020120,富春江收费站,zhejiang,RAMP_PLAZA,119.636449,29.720918,0
S0026330010060,陈宅收费站,zhejiang,MAIN_LINE_PLAZA,120.343415,29.510049,0
S0026330010140,神仙居收费站,zhejiang,MAIN_LINE_PLAZA,120.619836,28.7454,0
G0092330010090,上虞收费站,zhejiang,RAMP_PLAZA,120.900106,30.048326,0
S0026330010210,古庙收费站,zhejiang,MAIN_LINE_PLAZA,120.786519,28.226324,0
S0026330010190,花坦收费站,zhejiang,MAIN_LINE_PLAZA,120.773773,28.271838,0
G1501330010060,东钱湖收费站,zhejiang,RAMP_PLAZA,121.640996,29.812497,0
S0010330010030,永嘉南收费站,zhejiang,MAIN_LINE_PLAZA,120.688667,28.084411,0
G0060330020050,诸暨收费站,zhejiang,RAMP_PLAZA,120.190594,29.737727,0
G0015330070010,三门收费站,zhejiang,RAMP_PLAZA,121.311247,29.080884,0
G0025330010050,青山收费站,zhejiang,RAMP_PLAZA,120.056833,30.69343,0
G0025330040040,永康收费站,zhejiang,RAMP_PLAZA,120.008883,28.855641,0
G1512330030030,东阳收费站,zhejiang,RAMP_PLAZA,120.265222,29.308954,0
G0015330100120,章安收费站,zhejiang,RAMP_PLAZA,121.409016,28.739926,0
G0056330010100,藻溪收费站,zhejiang,RAMP_PLAZA,119.503142,30.199376,0
G0056330010170,九峰收费站,zhejiang,RAMP_PLAZA,119.875279,30.249512,0
G0050330010080,浙皖收费站,zhejiang,PROVINCE_STATION_INDEPENDENT,119.575718,30.919097,0
G0015330060030,宁海收费站,zhejiang,RAMP_PLAZA,121.459163,29.357322,0
G015W330050100,白鹤收费站,zhejiang,RAMP_PLAZA,120.934734,29.238707,0
G060N330020050,开化南收费站,zhejiang,RAMP_PLAZA,118.396987,29.084065,0
G015W330010020,余新收费站,zhejiang,RAMP_PLAZA,120.812529,30.65558,0
G0003330010100,马金收费站,zhejiang,RAMP_PLAZA,118.39124,29.29811,0
G0015330040050,慈城收费站,zhejiang,MAIN_LINE_PLAZA,121.416268,30.000391,0
S0013330010020,桐乡西收费站,zhejiang,RAMP_PLAZA,120.337855,30.614759,0
S0034330010010,景宁收费站,zhejiang,MAIN_LINE_PLAZA,119.635039,27.989836,0
G0060330020240,浦阳收费站,zhejiang,RAMP_PLAZA,120.245444,29.964883,0
G2501330010160,江东大桥收费站,zhejiang,RAMP_PLAZA,120.396611,30.323043,0
G0015330010040,盐官收费站,zhejiang,RAMP_PLAZA,120.549005,30.415523,0
G0025330050010,龙泉收费站,zhejiang,RAMP_PLAZA,119.120586,28.045588,0
G0025330040160,青田收费站,zhejiang,RAMP_PLAZA,120.271977,28.167631,0
G1501330010070,云龙收费站,zhejiang,RAMP_PLAZA,121.587794,29.781759,0
S0014330020070,紫金港收费站,zhejiang,MAIN_LINE_PLAZA,120.048383,30.338733,0
G015W330040020,滨海新城北收费站,zhejiang,RAMP_PLAZA,120.777479,30.199316,0
G0060330020040,次坞收费站,zhejiang,RAMP_PLAZA,120.212679,29.89488,0
G0015330080040,温岭西收费站,zhejiang,MAIN_LINE_PLAZA,121.250393,28.469158,0
G0015330050010,北仑收费站,zhejiang,MAIN_LINE_PLAZA,121.808818,29.890117,0
G0015330100060,白塔收费站,zhejiang,RAMP_PLAZA,120.620627,28.773816,0
G0015330110060,瑞安收费站,zhejiang,RAMP_PLAZA,120.635657,27.798925,0
G015W330050040,上浦收费站,zhejiang,RAMP_PLAZA,120.833448,29.896093,0
G0015330110100,苍南收费站,zhejiang,RAMP_PLAZA,120.434081,27.539155,0
G0025330020070,中埠收费站,zhejiang,RAMP_PLAZA,119.923514,29.95651,0
G0025330060010,八都收费站,zhejiang,RAMP_PLAZA,118.961975,27.980687,0
G0025330020140,乾潭收费站,zhejiang,RAMP_PLAZA,119.518328,29.621333,0
G2501330010080,半山收费站,zhejiang,RAMP_PLAZA,120.197166,30.387407,0
G9211330010080,沥港收费站,zhejiang,RAMP_PLAZA,121.860587,30.049709,0
S0012330010060,王江泾收费站,zhejiang,MAIN_LINE_PLAZA,120.712187,30.831872,0
G0025330060030,浙闽收费站,zhejiang,PROVINCE_STATION_INDEPENDENT,118.900597,27.665226,0
G9211330010060,金塘收费站,zhejiang,RAMP_PLAZA,121.902138,30.053787,0
G2501330010050,五常收费站,zhejiang,RAMP_PLAZA,120.047454,30.278662,0
G0092330010130,余姚收费站,zhejiang,RAMP_PLAZA,121.158196,30.003641,0
G0025330020040,东洲岛收费站,zhejiang,RAMP_PLAZA,120.063035,30.072049,0
S0012330010050,油车港收费站,zhejiang,RAMP_PLAZA,120.759752,30.851769,0
S0004330010060,坎红路收费站,zhejiang,RAMP_PLAZA,120.401574,30.219947,0
S0010330020050,万全收费站,zhejiang,RAMP_PLAZA,120.55184,27.747915,0
S0014330020010,安吉北收费站,zhejiang,RAMP_PLAZA,119.683366,30.752833,0
G0060330020120,金华收费站,zhejiang,RAMP_PLAZA,119.655916,29.139572,0
G0015330110040,温州南收费站,zhejiang,RAMP_PLAZA,120.689939,27.932759,0
G015W330050070,嵊州收费站,zhejiang,RAMP_PLAZA,120.830782,29.648089,0
G0015330100040,仙居东收费站,zhejiang,RAMP_PLAZA,120.856449,28.868101,0
G0060330020150,游埠收费站,zhejiang,RAMP_PLAZA,119.319944,29.104464,0
G0025330030050,赤石收费站,zhejiang,RAMP_PLAZA,119.459669,28.122787,0
G0025330050020,龙泉南收费站,zhejiang,RAMP_PLAZA,119.083898,28.00105,0
G0003330010030,峡口收费站,zhejiang,RAMP_PLAZA,118.537423,28.456566,0
G0050330010070,泗安收费站,zhejiang,RAMP_PLAZA,119.647987,30.90768,0
G2501330010070,良渚收费站,zhejiang,RAMP_PLAZA,120.068526,30.362718,0
G0015330110070,飞云收费站,zhejiang,RAMP_PLAZA,120.599206,27.779404,0
G1501330010040,小港收费站,zhejiang,RAMP_PLAZA,121.686581,29.910147,0
G0003330010090,开化收费站,zhejiang,RAMP_PLAZA,118.424633,29.14728,0
S0004330010040,机场收费站,zhejiang,MAIN_LINE_PLAZA,120.390438,30.215822,0
G0092330010140,大隐收费站,zhejiang,RAMP_PLAZA,121.382254,29.938416,0
S0026330010150,公盂岩收费站,zhejiang,MAIN_LINE_PLAZA,120.674215,28.671983,0
S0010330010020,瓯北收费站,zhejiang,MAIN_LINE_PLAZA,120.610866,28.071327,0
S0026330010030,诸暨东收费站,zhejiang,MAIN_LINE_PLAZA,120.308114,29.717982,0
S0026330010010,直埠收费站,zhejiang,MAIN_LINE_PLAZA,120.238488,29.818386,0
S0013330010040,新安收费站,zhejiang,RAMP_PLAZA,120.215185,30.537848,0
G0025330020190,寿昌收费站,zhejiang,RAMP_PLAZA,119.24203,29.39947,0
S0045330010010,湖门收费站,zhejiang,RAMP_PLAZA,120.061447,29.402216,0
S0024330010050,绍兴南收费站,zhejiang,RAMP_PLAZA,120.570023,29.924895,0
S0014330020080,天子湖收费站,zhejiang,RAMP_PLAZA,119.693477,30.828017,0
G0015330120030,温州东收费站,zhejiang,MAIN_LINE_PLAZA,120.755322,27.968387,0
G0060330020090,义乌收费站,zhejiang,RAMP_PLAZA,120.031601,29.37351,0
G1512330030050,徐村收费站,zhejiang,RAMP_PLAZA,120.058343,29.249728,0
G0025330020060,中埠收费站,zhejiang,RAMP_PLAZA,119.923514,29.95651,0
G0025330040060,洪渡收费站,zhejiang,RAMP_PLAZA,119.871617,28.608575,0
G0056330010090,藻溪收费站,zhejiang,RAMP_PLAZA,119.503051,30.199481,0
G0025330050040,黄田收费站,zhejiang,RAMP_PLAZA,118.941924,27.773365,0
G0025330010070,湖州北收费站,zhejiang,RAMP_PLAZA,120.031313,30.897931,0
G0025330020130,安仁收费站,zhejiang,RAMP_PLAZA,119.600061,29.686307,0
G1512330010020,奉化溪口东收费站,zhejiang,MAIN_LINE_PLAZA,121.338159,29.692287,0
G0015330060020,宁海北收费站,zhejiang,RAMP_PLAZA,121.426235,29.465449,0
G0025330020110,桐庐收费站,zhejiang,RAMP_PLAZA,119.717698,29.774009,0
S0014330020030,百丈收费站,zhejiang,MAIN_LINE_PLAZA,119.781496,30.470498,0
G0015330050020,鄞州东收费站,zhejiang,RAMP_PLAZA,121.735593,29.825161,0
G0025330040110,青田西收费站,zhejiang,RAMP_PLAZA,120.204242,28.261425,0
G0025330020200,航头收费站,zhejiang,RAMP_PLAZA,119.175015,29.328504,0
G0025330010110,长兴收费站,zhejiang,RAMP_PLAZA,119.948295,31.025655,0
G15W3330010020,塘溪收费站,zhejiang,RAMP_PLAZA,121.705097,29.680393,0
S0026330010070,歌山收费站,zhejiang,MAIN_LINE_PLAZA,120.397954,29.267618,0
S0026330010170,枫林收费站,zhejiang,MAIN_LINE_PLAZA,120.77115,28.299619,0
G0015330100090,前仓收费站,zhejiang,RAMP_PLAZA,120.097437,28.808245,0
G1501330010030,临江收费站,zhejiang,RAMP_PLAZA,121.655332,29.9428,0
G1512330010010,洞桥收费站,zhejiang,MAIN_LINE_PLAZA,121.395889,29.781012,0
G0015330010010,杭州北收费站,zhejiang,MAIN_LINE_PLAZA,120.250662,30.349997,0
S0026330010160,岩坦收费站,zhejiang,MAIN_LINE_PLAZA,120.723052,28.449218,0
S0010330020040,荆谷收费站,zhejiang,RAMP_PLAZA,120.500512,27.78244,0
S0014330010030,煤山北收费站,zhejiang,RAMP_PLAZA,119.682897,31.122478,0
S0009330030030,党湾收费站,zhejiang,RAMP_PLAZA,120.560064,30.235853,0
G0060330010080,屠甸收费站,zhejiang,RAMP_PLAZA,120.637897,30.576968,0
G0025330010090,长兴北收费站,zhejiang,RAMP_PLAZA,119.942161,31.108666,0
G0025330040120,青田东收费站,zhejiang,RAMP_PLAZA,120.360286,28.132746,0
G0050330010050,长兴西收费站,zhejiang,RAMP_PLAZA,119.854082,30.969643,0
G015W330010030,马家浜收费站,zhejiang,RAMP_PLAZA,120.706631,30.716345,0
G0025330020180,千岛湖收费站,zhejiang,MAIN_LINE_PLAZA,119.157113,29.599153,0
G0025330030030,云和东收费站,zhejiang,RAMP_PLAZA,119.675194,28.235707,0
G0025330030160,象溪收费站,zhejiang,RAMP_PLAZA,119.606528,28.367613,0
G0025330050060,浙闽收费站,zhejiang,PROVINCE_STATION_INDEPENDENT,118.900597,27.665226,0
G0003330010010,浙闽收费站,zhejiang,PROVINCE_STATION_INDEPENDENT,120.332725,27.460742,0
G015W330010010,凤桥收费站,zhejiang,RAMP_PLAZA,120.928809,30.633023,0
G0015330110080,平阳收费站,zhejiang,RAMP_PLAZA,120.550219,27.67273,0
G0025330030130,遂昌东收费站,zhejiang,RAMP_PLAZA,119.33079,28.601866,0
S0013330010050,雷甸收费站,zhejiang,RAMP_PLAZA,120.174011,30.493736,0
G0092330010010,杭州收费站,zhejiang,RAMP_PLAZA,120.227145,30.283182,0
G9211330010030,里钓收费站,zhejiang,RAMP_PLAZA,121.986737,30.0783,0
S0014330020060,瓶窑收费站,zhejiang,MAIN_LINE_PLAZA,119.966893,30.345156,0
G015W330040030,滨海新城南(沥海)收费站,zhejiang,RAMP_PLAZA,120.778932,30.112636,0
S0027330010020,西溪收费站,zhejiang,RAMP_PLAZA,120.222385,29.007896,0
G2501330010030,留下收费站,zhejiang,RAMP_PLAZA,120.044216,30.242141,0
G0060330010030,嘉善收费站,zhejiang,RAMP_PLAZA,120.951766,30.795663,0
S0004330010010,新街收费站,zhejiang,RAMP_PLAZA,120.359446,30.208321,0
G1512330010030,溪口西收费站,zhejiang,MAIN_LINE_PLAZA,121.234024,29.636592,0
G0056330010070,於潜收费站,zhejiang,RAMP_PLAZA,119.398269,30.175521,0
G0056330010130,青山湖收费站,zhejiang,RAMP_PLAZA,119.845956,30.251434,0
G0025330010010,南庄兜收费站,zhejiang,MAIN_LINE_PLAZA,120.119758,30.378002,0
G0025330030140,古市收费站,zhejiang,RAMP_PLAZA,119.395139,28.506049,0
G1512330020040,长乐收费站,zhejiang,RAMP_PLAZA,120.634145,29.449411,0
G0015330010030,胡家兜收费站,zhejiang,RAMP_PLAZA,120.451555,30.403113,0
S0012330010070,新塍收费站,zhejiang,RAMP_PLAZA,120.5967,30.814693,0
G060N330020040,林山收费站,zhejiang,RAMP_PLAZA,118.489841,29.122798,0
G060N330020010,上方收费站,zhejiang,RAMP_PLAZA,118.948245,29.229377,0
G0025330010120,德清北收费站,zhejiang,RAMP_PLAZA,120.062809,30.621984,0
G1512330030060,义亭收费站,zhejiang,RAMP_PLAZA,119.9617,29.220812,0
G0025330030120,遂昌收费站,zhejiang,RAMP_PLAZA,119.27671,28.626859,0
S0020330010010,灵峰收费站,zhejiang,MAIN_LINE_PLAZA,121.770145,29.885096,0
G0025330020020,袁富收费站,zhejiang,RAMP_PLAZA,120.10982,30.111667,0
G0025330020080,场口收费站,zhejiang,RAMP_PLAZA,119.870695,29.903876,0
G0025330040030,西田畈收费站,zhejiang,RAMP_PLAZA,119.871269,28.923296,0
G0060330020110,鞋塘收费站,zhejiang,RAMP_PLAZA,119.848143,29.223144,0
G060N330020070,杨林收费站,zhejiang,RAMP_PLAZA,118.152433,29.059809,0
G1512330030020,怀鲁收费站,zhejiang,RAMP_PLAZA,120.373776,29.343159,0
G0003330010060,衢州南收费站,zhejiang,RAMP_PLAZA,118.72635,28.867092,0
G0015330020010,平湖收费站,zhejiang,RAMP_PLAZA,120.982016,30.67766,0
G0025330020220,富阳收费站,zhejiang,RAMP_PLAZA,119.955654,30.002734,0
G0015330010060,南北湖收费站,zhejiang,RAMP_PLAZA,120.86608,30.507522,0
G15W3330010050,象山收费站,zhejiang,RAMP_PLAZA,121.813769,29.475214,0
S0026330010050,璜山收费站,zhejiang,MAIN_LINE_PLAZA,120.325145,29.585593,0
G0025330030020,碧湖收费站,zhejiang,RAMP_PLAZA,119.792443,28.325095,0
G0060330020230,浦阳收费站,zhejiang,RAMP_PLAZA,120.245444,29.964883,0
S0024330010020,绍兴高新区收费站,zhejiang,RAMP_PLAZA,120.745018,30.001996,0
G0015330010020,临平收费站,zhejiang,RAMP_PLAZA,120.326609,30.371226,0
G0025330010020,良渚收费站,zhejiang,RAMP_PLAZA,120.068526,30.362718,0
G1512330030010,蔡宅收费站,zhejiang,RAMP_PLAZA,120.457867,29.385593,0
S0024330010040,平水收费站,zhejiang,RAMP_PLAZA,120.641511,29.933241,0
S0014330020040,黄湖收费站,zhejiang,MAIN_LINE_PLAZA,119.824353,30.44405,0
G015W330020010,南湖(嘉兴南)收费站,zhejiang,MAIN_LINE_PLAZA,120.762237,30.683028,0
G0060330020200,常山收费站,zhejiang,RAMP_PLAZA,118.507268,28.921996,0
G0015330100050,仙居收费站,zhejiang,RAMP_PLAZA,120.707961,28.831453,0
G0056330010050,昌化收费站,zhejiang,RAMP_PLAZA,119.227366,30.165902,0
G0056330010150,杭州西收费站,zhejiang,RAMP_PLAZA,120.034502,30.239176,0
G0050330010010,浙苏收费站,zhejiang,PROVINCE_STATION_COMMON,120.430508,30.903742,0
G1512330030040,义乌东收费站,zhejiang,RAMP_PLAZA,120.145611,29.303036,0
G0025330010080,长兴南收费站,zhejiang,RAMP_PLAZA,119.952072,30.986255,0
G0015330110110,观美收费站,zhejiang,RAMP_PLAZA,120.35447,27.473982,0
G0003330010020,廿八都收费站,zhejiang,RAMP_PLAZA,118.481292,28.298509,0
G2501330010110,许村南收费站,zhejiang,RAMP_PLAZA,120.402232,30.410476,0
G0015330100100,沿江收费站,zhejiang,RAMP_PLAZA,121.298988,28.733948,0
S0012330010020,姚庄收费站,zhejiang,RAMP_PLAZA,120.976414,30.934224,0
G060N330010010,大同收费站,zhejiang,RAMP_PLAZA,119.084842,29.310385,0
S0026330010180,枫林收费站,zhejiang,MAIN_LINE_PLAZA,120.77115,28.299619,0
G0015330010080,乍浦收费站,zhejiang,RAMP_PLAZA,121.044729,30.645567,0
G9211330010020,岑港收费站,zhejiang,RAMP_PLAZA,121.991663,30.066862,0
G0015330100070,横溪收费站,zhejiang,RAMP_PLAZA,120.495929,28.734085,0
G15W3330010010,横溪(东钱湖南)收费站,zhejiang,RAMP_PLAZA,121.611641,29.742303,0
G0060330020190,阁底收费站,zhejiang,RAMP_PLAZA,118.61486,28.937186,0
S0024330010060,兰亭收费站,zhejiang,RAMP_PLAZA,120.511782,29.912544,0
S0014330010010,泗安北收费站,zhejiang,RAMP_PLAZA,119.671653,30.947636,0
S0009330030020,新湾收费站,zhejiang,RAMP_PLAZA,120.546642,30.30299,0
S0004330010030,杭州萧山(国际|)机场收费站,zhejiang,MAIN_LINE_PLAZA,120.390438,30.215822,0
G0060330010060,王店收费站,zhejiang,RAMP_PLAZA,120.709809,30.642961,0
G0060330020060,牌头收费站,zhejiang,RAMP_PLAZA,120.13848,29.608611,0
G2501330010100,乔司东收费站,zhejiang,RAMP_PLAZA,120.285498,30.340483,0
G2501330010150,袁浦收费站,zhejiang,RAMP_PLAZA,120.154176,30.118311,0
G1512330020020,黄泽收费站,zhejiang,RAMP_PLAZA,120.90325,29.578876,0
G2501330010060,三墩收费站,zhejiang,RAMP_PLAZA,120.06132,30.302914,0
S0012330010080,濮院收费站,zhejiang,RAMP_PLAZA,120.547878,30.73908,0
S0026330010220,永嘉收费站,zhejiang,MAIN_LINE_PLAZA,120.751819,28.156807,0
G0025330040010,岭下朱收费站,zhejiang,RAMP_PLAZA,119.761995,29.055044,0
S0012330020020,双林收费站,zhejiang,RAMP_PLAZA,120.343528,30.755067,0
S0010330010010,仰义收费站,zhejiang,MAIN_LINE_PLAZA,120.578174,28.075206,0
G2501330010020,龙坞收费站,zhejiang,RAMP_PLAZA,120.057512,30.191817,0
G2501330010130,萧山南收费站,zhejiang,RAMP_PLAZA,120.24994,30.104731,0
G0015330100080,壶镇收费站,zhejiang,RAMP_PLAZA,120.260498,28.789338,0
G0092330010150,大隐收费站,zhejiang,RAMP_PLAZA,121.382254,29.938416,0
G0056330010140,老余杭收费站,zhejiang,RAMP_PLAZA,119.960805,30.248823,0
S0045330010020,福田收费站,zhejiang,RAMP_PLAZA,120.113122,29.386907,0
S0045330010040,华溪收费站,zhejiang,RAMP_PLAZA,,,3
S0010330020010,三溪收费站,zhejiang,RAMP_PLAZA,120.548869,27.970234,0
G1512330030080,佛堂收费站,zhejiang,RAMP_PLAZA,120.007916,29.228893,0
G0092330010020,萧山收费站,zhejiang,RAMP_PLAZA,120.290363,30.242838,0
G9211330010040,富翅收费站,zhejiang,RAMP_PLAZA,121.976045,30.092759,0
G0060330020030,临浦收费站,zhejiang,RAMP_PLAZA,120.266333,30.054546,0
S0004330010020,杭州萧山(国际|)机场收费站,zhejiang,RAMP_PLAZA,120.390438,30.215822,0
G0015330100130,杜桥收费站,zhejiang,RAMP_PLAZA,121.471419,28.732068,0
G0025330040140,桥头收费站,zhejiang,RAMP_PLAZA,120.486225,28.147282,0
G0050330010060,林城收费站,zhejiang,RAMP_PLAZA,119.775056,30.941077,0
G015W330010060,王江泾主线收费站,zhejiang,PROVINCE_STATION_INDEPENDENT,120.671342,30.864333,0
G0025330040020,武义收费站,zhejiang,RAMP_PLAZA,119.832604,28.938179,0
S0033330010010,龙游北收费站,zhejiang,MAIN_LINE_PLAZA,119.149606,29.139299,0
G0025330030100,北界收费站,zhejiang,RAMP_PLAZA,119.233494,28.749218,0
G0025330020150,杨村桥收费站,zhejiang,RAMP_PLAZA,119.440597,29.566819,0
G0003330010040,江郎山收费站,zhejiang,RAMP_PLAZA,118.594445,28.606139,0
G0015330060040,宁海南收费站,zhejiang,RAMP_PLAZA,121.308359,29.193834,0
G0025330030090,灵溪收费站,zhejiang,RAMP_PLAZA,119.171206,28.852006,0
G15W3330010040,象山北收费站,zhejiang,RAMP_PLAZA,121.818454,29.571822,0
G0015330010050,海宁南收费站,zhejiang,RAMP_PLAZA,120.676172,30.42011,0
G1501330020020,宁波西收费站,zhejiang,MAIN_LINE_PLAZA,121.434678,29.810069,0
G0092330010170,鄞州收费站,zhejiang,RAMP_PLAZA,121.565624,29.840981,0
S0026330010120,双峰收费站,zhejiang,MAIN_LINE_PLAZA,120.454171,28.92056,0
S0010330020020,潘桥收费站,zhejiang,RAMP_PLAZA,120.564553,27.919453,0
G0060330010010,浙沪主线收费站,zhejiang,PROVINCE_STATION_INDEPENDENT,120.952478,30.79983,0
G0015330050040,鄞州南收费站,zhejiang,RAMP_PLAZA,121.529921,29.751804,0
G015W330050110,天台收费站,zhejiang,RAMP_PLAZA,121.004517,29.153907,0
G015W330050120,洋头收费站,zhejiang,RAMP_PLAZA,121.165668,29.081503,0
G0025330020170,淡竹收费站,zhejiang,RAMP_PLAZA,119.226429,29.558134,0
G0015330120010,大桥北收费站,zhejiang,MAIN_LINE_PLAZA,120.796238,28.020816,0
G0025330030080,龙游南收费站,zhejiang,RAMP_PLAZA,119.143735,28.982104,0
G0025330030150,松阳收费站,zhejiang,RAMP_PLAZA,119.467753,28.427252,0
G0025330050050,庆元收费站,zhejiang,RAMP_PLAZA,118.902648,27.666247,0
G0003330010070,东案收费站,zhejiang,RAMP_PLAZA,118.6479,28.977153,0
G0003330010110,钱江源收费站,zhejiang,PROVINCE_STATION_INDEPENDENT,118.346316,29.317151,0
G0015330040020,慈溪收费站,zhejiang,MAIN_LINE_PLAZA,121.331209,30.274243,0
G0015330110010,雁荡山收费站,zhejiang,RAMP_PLAZA,121.144807,28.342613,0
G0025330020210,大店口收费站,zhejiang,RAMP_PLAZA,119.156275,29.262481,0
S0012330010030,西塘收费站,zhejiang,RAMP_PLAZA,120.905314,30.918501,0
G1501330010050,丁家山收费站,zhejiang,MAIN_LINE_PLAZA,121.688731,29.858325,0
G1501330010010,九龙湖收费站,zhejiang,RAMP_PLAZA,121.56334,29.990999,0
G0025330040180,丽水北收费站,zhejiang,RAMP_PLAZA,119.870101,28.47728,0
S0024330020020,诸暨南收费站,zhejiang,RAMP_PLAZA,120.212589,29.614641,0
G015W330020020,王店东收费站,zhejiang,MAIN_LINE_PLAZA,120.745958,30.611631,0
G0092330010160,宁波收费站,zhejiang,RAMP_PLAZA,121.494394,29.837324,0
G0060330010090,长安收费站,zhejiang,RAMP_PLAZA,120.434539,30.474983,0
G0060330020130,兰溪收费站,zhejiang,RAMP_PLAZA,119.529594,29.134585,0
G0015330110120,分水关收费站,zhejiang,PROVINCE_STATION_INDEPENDENT,120.264305,27.432585,0
G0025330040070,丽水收费站,zhejiang,RAMP_PLAZA,119.904552,28.393989,0
G0056330010060,太阳收费站,zhejiang,RAMP_PLAZA,119.309493,30.18174,0
G0025330020010,杭州南收费站,zhejiang,MAIN_LINE_PLAZA,120.11202,30.141283,0
G0056330010010,昱岭关收费站,zhejiang,PROVINCE_STATION_INDEPENDENT,118.925458,30.049166,0
G0015330030010,海天一洲收费站,zhejiang,RAMP_PLAZA,121.128718,30.460321,0
G9211330010070,蛟川收费站,zhejiang,MAIN_LINE_PLAZA,121.639427,29.962022,0
S0013330010070,崇贤收费站,zhejiang,RAMP_PLAZA,120.157883,30.39922,0
G0025330020100,凤川收费站,zhejiang,RAMP_PLAZA,119.771179,29.814051,0
G1501330020010,朝阳收费站,zhejiang,RAMP_PLAZA,121.481866,29.784519,0
G1512330020030,甘霖收费站,zhejiang,RAMP_PLAZA,120.734979,29.52121,0
S0004330010050,坎红路收费站,zhejiang,RAMP_PLAZA,120.401574,30.219947,0
G0015330010100,新仓收费站,zhejiang,RAMP_PLAZA,121.219799,30.717646,0
G015W330050050,章镇收费站,zhejiang,RAMP_PLAZA,120.847108,29.818427,0
S0013330010030,新市收费站,zhejiang,RAMP_PLAZA,120.265012,30.563651,0
G0092330010060,柯桥收费站,zhejiang,RAMP_PLAZA,120.523647,30.147459,0
G0025330040080,石帆收费站,zhejiang,RAMP_PLAZA,119.957604,28.366776,0
G0015330080030,台州南收费站,zhejiang,MAIN_LINE_PLAZA,121.248487,28.551297,0
S0002330010010,余杭收费站,zhejiang,RAMP_PLAZA,120.304628,30.386776,0
G0060330010100,长安收费站,zhejiang,RAMP_PLAZA,120.434539,30.474983,0
G0060330020020,柯桥西(杨汛桥)收费站,zhejiang,RAMP_PLAZA,120.31039,30.12908,0
G0060330020180,衢州西收费站,zhejiang,RAMP_PLAZA,118.835335,28.98164,0
S0024330010090,诸暨浣东收费站,zhejiang,RAMP_PLAZA,120.294754,29.742844,0
S0020330010040,郭巨收费站,zhejiang,MAIN_LINE_PLAZA,122.021807,29.857003,0
G0015330050030,宁波东收费站,zhejiang,RAMP_PLAZA,121.598989,29.839671,0
G0056330010160,杭州西收费站,zhejiang,RAMP_PLAZA,120.034502,30.239176,0
G0050330010020,南浔收费站,zhejiang,RAMP_PLAZA,120.385107,30.882755,0
G1512330020050,嵊州南收费站,zhejiang,RAMP_PLAZA,120.80938,29.553733,0
G0015330070020,临海北收费站,zhejiang,RAMP_PLAZA,121.224455,28.920052,0
G0025330020160,新安江收费站,zhejiang,RAMP_PLAZA,119.333563,29.516883,0
G0060330020100,上溪收费站,zhejiang,RAMP_PLAZA,119.92688,29.27789,0
G0015330100110,涌泉收费站,zhejiang,RAMP_PLAZA,121.333405,28.730657,0
G0025330060020,上收费站,zhejiang,RAMP_PLAZA,118.869982,27.943176,0
G2501330010170,下沙南收费站,zhejiang,RAMP_PLAZA,120.356807,30.274708,0
G0015330040060,宁波北收费站,zhejiang,MAIN_LINE_PLAZA,121.457953,29.943092,0
G0015330010110,浙沪主线收费站,zhejiang,PROVINCE_STATION_COMMON,120.952478,30.79983,0
G0092330010120,余姚收费站,zhejiang,RAMP_PLAZA,121.158196,30.003641,0
G0092330010040,瓜沥收费站,zhejiang,RAMP_PLAZA,120.450967,30.193608,0
G015W330020050,袁花收费站,zhejiang,MAIN_LINE_PLAZA,120.790656,30.400247,0
G0092330010190,德胜收费站,zhejiang,RAMP_PLAZA,120.243484,30.305136,0
G0025330040130,温州西收费站,zhejiang,RAMP_PLAZA,120.595381,28.018473,0
S0012330020030,湖州东收费站,zhejiang,RAMP_PLAZA,120.168363,30.802477,0
G015W330050060,三界收费站,zhejiang,RAMP_PLAZA,120.842622,29.750142,0
G9211330010050,册子收费站,zhejiang,RAMP_PLAZA,121.940168,30.076929,0
G0025330010030,良渚收费站,zhejiang,RAMP_PLAZA,120.068526,30.362718,0
G0056330010020,白果收费站,zhejiang,RAMP_PLAZA,118.995171,30.091978,0
G0060330020170,衢州东收费站,zhejiang,RAMP_PLAZA,118.933517,28.998934,0
G0050330010030,织里收费站,zhejiang,RAMP_PLAZA,120.277413,30.887653,0
S0010330020030,陶山收费站,zhejiang,RAMP_PLAZA,120.529353,27.850987,0
S0024330020010,街亭收费站,zhejiang,RAMP_PLAZA,120.278188,29.626943,0
S0024330010080,枫桥南收费站,zhejiang,RAMP_PLAZA,120.39886,29.767326,0
G0060330020080,浦江收费站,zhejiang,RAMP_PLAZA,120.024982,29.437824,0
G0015330110030,乐成收费站,zhejiang,RAMP_PLAZA,120.999948,28.12843,0
G0060330020070,郑家坞收费站,zhejiang,RAMP_PLAZA,120.079962,29.501362,0
G0092330010110,牟山收费站,zhejiang,RAMP_PLAZA,120.98346,30.064746,0
G0025330040090,海口收费站,zhejiang,RAMP_PLAZA,120.073294,28.314716,0
S0012330010010,浙沪北主线收费站,zhejiang,PROVINCE_STATION_COMMON,120.982492,30.939715,0
S0012330010040,天凝收费站,zhejiang,RAMP_PLAZA,120.847866,30.881809,0
G1512330030070,傅村收费站,zhejiang,RAMP_PLAZA,119.878164,29.230551,0
S0013330010060,塘栖收费站,zhejiang,RAMP_PLAZA,120.157722,30.460292,0
G0056330010120,临安收费站,zhejiang,RAMP_PLAZA,119.750735,30.220381,0
G1501330020030,横街收费站,zhejiang,RAMP_PLAZA,121.416603,29.849876,0
G060N330020060,池淮收费站,zhejiang,RAMP_PLAZA,118.288146,29.094315,0
G0060330010040,嘉兴东收费站,zhejiang,RAMP_PLAZA,120.86565,30.740832,0
S0026330010130,埠头收费站,zhejiang,MAIN_LINE_PLAZA,120.534434,28.783048,0
G0025330040100,金华东收费站,zhejiang,RAMP_PLAZA,119.716591,29.157613,0
G0015330040040,掌起收费站,zhejiang,MAIN_LINE_PLAZA,121.442934,30.133303,0
G15W3330010030,咸祥收费站,zhejiang,RAMP_PLAZA,121.781057,29.655652,0
G0056330010110,玲珑收费站,zhejiang,RAMP_PLAZA,119.662976,30.200131,0
G0015330010090,独山港西收费站,zhejiang,RAMP_PLAZA,121.149197,30.68504,0
S0026330010100,马宅收费站,zhejiang,MAIN_LINE_PLAZA,120.363235,29.080593,0
S0026330010020,诸暨北收费站,zhejiang,MAIN_LINE_PLAZA,120.281193,29.786437,0
S0026330010090,横店收费站,zhejiang,MAIN_LINE_PLAZA,120.378966,29.158249,0
G0092330010080,上虞收费站,zhejiang,RAMP_PLAZA,120.900106,30.048326,0
S0026330010200,花坦收费站,zhejiang,MAIN_LINE_PLAZA,120.773773,28.271838,0
G0015330040010,宁波杭州湾新区西收费站,zhejiang,MAIN_LINE_PLAZA,121.201843,30.298527,0
G0015330010070,海盐收费站,zhejiang,RAMP_PLAZA,120.9378,30.57574,0
S0024330010010,上虞道墟收费站,zhejiang,RAMP_PLAZA,120.79538,30.036469,0
G015W330050030,蒿坝收费站,zhejiang,RAMP_PLAZA,120.848095,29.975542,0
G015W330040010,滨海新城北收费站,zhejiang,RAMP_PLAZA,120.777479,30.199316,0
G0060330010130,许村收费站,zhejiang,RAMP_PLAZA,120.361923,30.419275,0
S0010330020060,阁巷收费站,zhejiang,RAMP_PLAZA,120.637674,27.698965,0
